"Locus","Primer.Reads","Primer.Probe.Reads","Primer.Probe.Proportion","AvgReadDepth","GenotypeRate","minAF","majAF","alleles","allFreqs","conScore"
"INDID_100",23267,22541,0.97,92.8041666666667,0.533029612756264,0.348290598290598,0.651709401709402,"C,T","0.35,0.65",0.430894308943089
"INDID_101",131004,3226,0.02,29.952380952381,0.189066059225513,0.433734939759036,0.566265060240964,"C,T","0.57,0.43",0.25
"INDID_103",2273,1661,0.73,17.4736842105263,0.125284738041002,0.490909090909091,0.509090909090909,"C,T","0.51,0.49",0.153846153846154
"INDID_104",186598,19608,0.11,71.3051470588235,0.608200455580866,0.370786516853933,0.629213483146067,"C,T","0.63,0.37",0.346153846153846
"INDID_105",814,785,0.96,14.6923076923077,0.0296127562642369,0.307692307692308,0.692307692307692,"A,G","0.31,0.69",0
"INDID_107",3738,1249,0.33,17.5,0.0774487471526196,0.485294117647059,0.514705882352941,"C,T","0.51,0.49",0.0869565217391304
"INDID_108",14949,7630,0.51,51.0575539568345,0.302961275626424,0.469924812030075,0.530075187969925,"A,G","0.53,0.47",0.176470588235294
"INDID_109",8682,8496,0.98,44.3756906077348,0.403189066059225,0.485875706214689,0.514124293785311,"A,G","0.51,0.49",0.22093023255814
"INDID_110",61165,54823,0.9,274.712121212121,0.451025056947608,0.398989898989899,0.601010101010101,"A,G","0.4,0.6",0.430555555555556
"INDID_111",113420,93343,0.82,315.894915254237,0.662870159453303,0.323024054982818,0.676975945017182,"C,T","0.68,0.32",0.5
"INDID_112",64264,59631,0.93,218.602941176471,0.61503416856492,0.37037037037037,0.62962962962963,"A,G","0.37,0.63",0.492424242424242
"INDID_113",14823,13008,0.88,81.9542483660131,0.339407744874715,0.36241610738255,0.63758389261745,"A,G","0.36,0.64",0.274193548387097
"INDID_114",20829,18161,0.87,76.1489361702128,0.523917995444191,0.291304347826087,0.708695652173913,"C,T","0.71,0.29",0.336538461538462
"INDID_117",19051,10206,0.54,46.2748815165877,0.471526195899772,0.461352657004831,0.538647342995169,"A,G","0.54,0.46",0.185840707964602
"INDID_118",3203,1998,0.62,20.5737704918033,0.136674259681093,0.458333333333333,0.541666666666667,"A,G","0.54,0.46",0.24
"INDID_119",101523,92873,0.91,316.522184300341,0.665148063781321,0.448630136986301,0.551369863013699,"A,G","0.55,0.45",0.462962962962963
"INDID_120",1708,1369,0.8,22,0.0865603644646925,0.355263157894737,0.644736842105263,"C,T","0.36,0.64",0.217391304347826
"INDID_123",73628,10981,0.15,53.1734693877551,0.441913439635535,0.448453608247423,0.551546391752577,"A,G","0.55,0.45",0.232758620689655
"INDID_124",63461,61030,0.96,215.719858156028,0.637813211845103,0.475,0.525,"A,G","0.48,0.52",0.411290322580645
"INDID_128",4837,1424,0.29,20.2978723404255,0.107061503416856,0.468085106382979,0.531914893617021,"C,T","0.47,0.53",0.115384615384615
"INDID_129",2294,1275,0.56,19.2162162162162,0.0842824601366743,0.432432432432432,0.567567567567568,"C,T","0.57,0.43",NA
"INDID_130",5444,4959,0.91,41.5648148148148,0.241457858769932,0.30188679245283,0.69811320754717,"C,T","0.7,0.3",0.159090909090909
"INDID_131",68311,65048,0.95,278.905172413793,0.519362186788155,0.442982456140351,0.557017543859649,"A,G","0.44,0.56",0.440677966101695
"INDID_132",6523,2939,0.45,26.6091954022989,0.195899772209567,0.343023255813953,0.656976744186046,"C,T","0.66,0.34",0.13953488372093
"INDID_133",13592,12241,0.9,61.4947916666667,0.432801822323462,0.463157894736842,0.536842105263158,"A,G","0.54,0.46",0.26
"INDID_134",32027,4882,0.15,28.2838709677419,0.343963553530752,0.245033112582781,0.754966887417219,"C,T","0.75,0.25",0.120689655172414
"INDID_135",52498,25930,0.49,101.892857142857,0.569476082004556,0.366,0.634,"C,T","0.63,0.37",0.393162393162393
"INDID_137",12279,7873,0.64,51.2394366197183,0.312072892938497,0.386861313868613,0.613138686131387,"A,G","0.39,0.61",0.296875
"INDID_139",2738,2639,0.96,22.3033707865169,0.202733485193622,0.410112359550562,0.589887640449438,"C,T","0.59,0.41",0.0526315789473684
"INDID_141",15752,14900,0.95,62.1276595744681,0.528473804100228,0.424568965517241,0.575431034482759,"A,G","0.58,0.42",0.326732673267327
"INDID_142",5027,4592,0.91,36.1727272727273,0.250569476082005,0.327272727272727,0.672727272727273,"A,G","0.33,0.67",0.222222222222222
"INDID_144",10803,6796,0.63,45.8308823529412,0.309794988610478,0.426470588235294,0.573529411764706,"C,T","0.57,0.43",0.314285714285714
"INDID_145",6774,2625,0.39,25.0375,0.173120728929385,0.440789473684211,0.559210526315789,"A,G","0.44,0.56",0.234042553191489
"INDID_146",969,492,0.51,16.0769230769231,0.0296127562642369,0.423076923076923,0.576923076923077,"A,G","0.42,0.58",0
"INDID_147",3600,3005,0.83,29.7654320987654,0.17995444191344,0.443037974683544,0.556962025316456,"A,C","0.56,0.44",0.108695652173913
"INDID_148",8340,3934,0.47,33.3529411764706,0.223234624145786,0.392857142857143,0.607142857142857,"A,G","0.39,0.61",0.224489795918367
"INDID_149",167266,92751,0.55,309.819397993311,0.681093394077449,0.459866220735786,0.540133779264214,"C,T","0.54,0.46",0.520231213872832
"INDID_150",114710,36526,0.32,135.417910447761,0.605922551252847,0.268796992481203,0.731203007518797,"C,T","0.73,0.27",0.429906542056075
"INDID_152",33876,23950,0.71,93.7351778656126,0.571753986332574,0.458167330677291,0.541832669322709,"C,T","0.46,0.54",0.347826086956522
"INDID_153",15295,10513,0.69,52.4479166666667,0.430523917995444,0.473544973544974,0.526455026455027,"C,T","0.53,0.47",0.384615384615385
"INDID_154",7090,6047,0.85,36.3841059602649,0.339407744874715,0.493288590604027,0.506711409395973,"C,T","0.51,0.49",0.240963855421687
"INDID_156",38346,13427,0.35,62.0714285714286,0.471526195899772,0.415458937198068,0.584541062801932,"A,G","0.58,0.42",0.301724137931034
"INDID_157",3842,3021,0.79,31.85,0.177676537585421,0.5,0.5,"C,T","0.5,0.5",0.172413793103448
"INDID_158",1610,1552,0.96,24.3777777777778,0.0979498861047836,0.418604651162791,0.581395348837209,"A,C","0.58,0.42",0.1
"INDID_159",5763,1021,0.18,17.2121212121212,0.0751708428246014,0.363636363636364,0.636363636363636,"A,G","0.36,0.64",0.15
"INDID_160",4206,3565,0.85,31.7979797979798,0.209567198177677,0.407608695652174,0.592391304347826,"A,G","0.41,0.59",0.288135593220339
"INDID_161",21103,10603,0.5,46.1486486486486,0.498861047835991,0.385844748858447,0.614155251141553,"A,G","0.61,0.39",0.247933884297521
"INDID_162",7199,6978,0.97,40.7453416149068,0.353075170842825,0.387096774193548,0.612903225806452,"A,G","0.61,0.39",0.407894736842105
"INDID_164",24650,22410,0.91,87.1574803149606,0.571753986332574,0.324701195219123,0.675298804780876,"A,G","0.68,0.32",0.369747899159664
"INDID_165",6905,4198,0.61,31.6608695652174,0.261958997722096,0.5,0.5,"C,T","0.5,0.5",0.13953488372093
"INDID_166",24530,1911,0.08,21.2758620689655,0.129840546697039,0.342105263157895,0.657894736842105,"C,T","0.34,0.66",0.176470588235294
"INDID_167",27935,27179,0.97,105.968503937008,0.574031890660592,0.422619047619048,0.577380952380952,"C,T","0.58,0.42",0.367521367521368
"INDID_168",2274,2051,0.9,19.8985507246377,0.152619589977221,0.335820895522388,0.664179104477612,"A,G","0.66,0.34",0.114285714285714
"INDID_171",8132,3149,0.39,30.9021739130435,0.209567198177677,0.347826086956522,0.652173913043478,"A,G","0.35,0.65",0.2
"INDID_173",2130,1053,0.49,16.9142857142857,0.0728929384965831,0.375,0.625,"C,T","0.38,0.62",0.15
"INDID_176",17742,3067,0.17,23.4587155963303,0.239179954441913,0.428571428571429,0.571428571428571,"A,T","0.57,0.43",0.17741935483871
"INDID_177",65076,19137,0.29,82.5789473684211,0.510250569476082,0.299107142857143,0.700892857142857,"A,G","0.3,0.7",0.351851851851852
"INDID_178",8207,7047,0.86,41.9483870967742,0.34624145785877,0.404605263157895,0.595394736842105,"C,T","0.6,0.4",0.341176470588235
"INDID_179",67533,58649,0.87,200.428082191781,0.660592255125285,0.33448275862069,0.66551724137931,"C,T","0.67,0.33",0.483606557377049
"INDID_181",55605,54370,0.98,206.709923664122,0.585421412300683,0.410505836575875,0.589494163424125,"C,T","0.59,0.41",0.446808510638298
"INDID_183",30305,22873,0.75,88.30078125,0.578587699316629,0.464566929133858,0.535433070866142,"A,G","0.46,0.54",0.333333333333333
"INDID_184",22245,21109,0.95,80.9377431906615,0.571753986332574,0.388446215139442,0.611553784860558,"C,T","0.61,0.39",0.348148148148148
"INDID_188",293,247,0.84,17.6,0.0113895216400911,0.5,0.5,"A,G","0.5,0.5",0
"INDID_189",2592,1656,0.64,21.4181818181818,0.118451025056948,0.355769230769231,0.644230769230769,"C,T","0.64,0.36",0.148148148148148
"INDID_190",6586,5235,0.79,44.3513513513514,0.248291571753986,0.26605504587156,0.73394495412844,"A,G","0.73,0.27",0.425925925925926
"INDID_192",2902,2084,0.72,20.2112676056338,0.157175398633257,0.449275362318841,0.550724637681159,"C,T","0.55,0.45",0.166666666666667
"INDID_193",3218,1028,0.32,21.6,0.0592255125284738,0.403846153846154,0.596153846153846,"A,G","0.6,0.4",0.466666666666667
"INDID_21",6416,5730,0.89,37.1,0.314350797266515,0.47463768115942,0.52536231884058,"C,T","0.53,0.47",0.139240506329114
"INDID_22",5445,3991,0.73,33.6272727272727,0.250569476082005,0.331818181818182,0.668181818181818,"A,G","0.67,0.33",0.172413793103448
"INDID_24",8420,7962,0.95,40.1657754010695,0.419134396355353,0.478260869565217,0.521739130434783,"A,G","0.48,0.52",0.227272727272727
"INDID_25",23583,22311,0.95,88.9516129032258,0.558086560364465,0.444897959183673,0.555102040816327,"C,T","0.56,0.44",0.3125
"INDID_29",1477,1411,0.96,16.4489795918367,0.107061503416856,0.297872340425532,0.702127659574468,"G,T","0.7,0.3",0.0833333333333333
"INDID_30",2660,2555,0.96,25.8648648648649,0.16628701594533,0.376712328767123,0.623287671232877,"A,G","0.62,0.38",0.0810810810810811
"INDID_31",33265,30397,0.91,115.620689655172,0.585421412300683,0.420233463035019,0.579766536964981,"A,G","0.42,0.58",0.459459459459459
"INDID_32",22112,9509,0.43,42.8169014084507,0.480637813211845,0.293838862559242,0.706161137440758,"A,G","0.29,0.71",0.291666666666667
"INDID_34",50234,49016,0.98,169.697916666667,0.65375854214123,0.409407665505227,0.590592334494774,"C,T","0.59,0.41",0.37037037037037
"INDID_358",25567,12450,0.49,61.5532994923858,0.439635535307517,0.396373056994819,0.603626943005181,"C,T","0.6,0.4",0.363636363636364
"INDID_360",6788,5657,0.83,35.875,0.325740318906606,0.265734265734266,0.734265734265734,"A,G","0.27,0.73",0.318181818181818
"INDID_363",38412,33649,0.88,126.116981132075,0.601366742596811,0.448863636363636,0.551136363636364,"C,T","0.45,0.55",0.714285714285714
"INDID_364",379264,250014,0.66,816.37908496732,0.690205011389522,0.465346534653465,0.534653465346535,"C,T","0.47,0.53",0.712121212121212
"INDID_367",24580,18037,0.73,75.8888888888889,0.530751708428246,0.381974248927039,0.618025751072961,"C,T","0.62,0.38",0.316176470588235
"INDID_369",153364,121477,0.79,440.967272727273,0.621867881548975,0.36996336996337,0.63003663003663,"A,G","0.37,0.63",0.579365079365079
"INDID_372",61725,44606,0.72,164.577777777778,0.610478359908884,0.434701492537313,0.565298507462687,"A,G","0.57,0.43",0.445161290322581
"INDID_373",70376,61272,0.87,219.838129496403,0.630979498861048,0.332129963898917,0.667870036101083,"A,T","0.67,0.33",0.527027027027027
"INDID_376",52206,39122,0.75,153.743083003953,0.571753986332574,0.302788844621514,0.697211155378486,"A,G","0.3,0.7",0.442622950819672
"INDID_378",37859,29037,0.77,106.892592592593,0.612756264236902,0.421933085501859,0.578066914498141,"A,G","0.58,0.42",0.285714285714286
"INDID_379",42652,38694,0.91,146.384030418251,0.594533029612756,0.488505747126437,0.511494252873563,"C,T","0.51,0.49",0.461988304093567
"INDID_38",64677,53670,0.83,181.491525423729,0.669703872437358,0.454081632653061,0.545918367346939,"C,T","0.45,0.55",0.478527607361963
"INDID_381",3732,3438,0.92,30.1485148514851,0.225512528473804,0.429292929292929,0.570707070707071,"C,T","0.57,0.43",0.184615384615385
"INDID_382",52567,47058,0.9,171.193430656934,0.624145785876993,0.406934306569343,0.593065693430657,"C,G","0.41,0.59",0.461988304093567
"INDID_384",65407,54287,0.83,195.505415162455,0.630979498861048,0.438628158844765,0.561371841155235,"C,G","0.44,0.56",0.51063829787234
"INDID_385",201308,184465,0.92,608.336633663366,0.690205011389522,0.206270627062706,0.793729372937294,"A,G","0.21,0.79",0.635294117647059
"INDID_388",96576,27587,0.29,122.52466367713,0.501138952164009,0.440909090909091,0.559090909090909,"C,T","0.56,0.44",0.482758620689655
"INDID_389",251117,240251,0.96,784.509803921569,0.697038724373576,0.235294117647059,0.764705882352941,"C,T","0.76,0.24",0.636363636363636
"INDID_39",12323,11363,0.92,61.8295454545455,0.394077448747153,0.404624277456647,0.595375722543353,"A,G","0.4,0.6",0.319148936170213
"INDID_392",43018,36322,0.84,143.063492063492,0.571753986332574,0.394422310756972,0.605577689243028,"A,G","0.39,0.61",0.353333333333333
"INDID_393",256381,94661,0.37,331.568421052632,0.649202733485194,0.250877192982456,0.749122807017544,"A,G","0.25,0.75",0.522388059701492
"INDID_394",21657,16942,0.78,68.3114754098361,0.553530751708428,0.481481481481481,0.518518518518518,"C,T","0.48,0.52",0.222222222222222
"INDID_395",61963,55422,0.89,198.089605734767,0.635535307517084,0.431899641577061,0.568100358422939,"A,G","0.57,0.43",1
"INDID_396",130109,43136,0.33,162.132075471698,0.601366742596811,0.477272727272727,0.522727272727273,"C,T","0.52,0.48",0.453125
"INDID_399",39734,33877,0.85,124.925925925926,0.608200455580866,0.434456928838951,0.565543071161049,"A,G","0.43,0.57",0.448275862068966
"INDID_400",29752,13296,0.45,55.1737288135593,0.533029612756264,0.333333333333333,0.666666666666667,"A,T","0.67,0.33",0.372881355932203
"INDID_401",5178,4442,0.86,26.3310810810811,0.332574031890661,0.496575342465753,0.503424657534247,"A,G","0.5,0.5",0.183908045977011
"INDID_43",1503,1454,0.97,25.2352941176471,0.0774487471526196,0.426470588235294,0.573529411764706,"C,T","0.43,0.57",0.0588235294117647
"INDID_44",15036,3563,0.24,24.3613445378151,0.266514806378132,0.311965811965812,0.688034188034188,"C,T","0.69,0.31",0.0612244897959184
"INDID_46",14805,6870,0.46,36.5657142857143,0.396355353075171,0.46264367816092,0.53735632183908,"C,T","0.54,0.46",0.232876712328767
"INDID_47",112561,96730,0.86,326.452702702703,0.669703872437358,0.420068027210884,0.579931972789116,"C,T","0.58,0.42",0.605442176870748
"INDID_49",60934,9850,0.16,41.707423580786,0.519362186788155,0.346491228070175,0.653508771929825,"C,T","0.35,0.65",0.324561403508772
"INDID_53",19567,15579,0.8,65.1923076923077,0.521640091116173,0.454148471615721,0.54585152838428,"A,G","0.55,0.45",0.323943661971831
"INDID_54",80833,67199,0.83,226.510135135135,0.671981776765376,0.488135593220339,0.511864406779661,"C,T","0.51,0.49",0.456521739130435
"INDID_55",33439,28064,0.84,193.727272727273,0.323462414578588,0.376760563380282,0.623239436619718,"A,G","0.38,0.62",0.595744680851064
"INDID_60",17058,13768,0.81,70.3526315789474,0.421412300683371,0.4,0.6,"C,T","0.4,0.6",0.372093023255814
"INDID_61",2131,1807,0.85,25.4528301886792,0.120728929384966,0.433962264150943,0.566037735849057,"C,T","0.57,0.43",0.133333333333333
"INDID_62",101010,96158,0.95,324.375,0.669703872437358,0.328231292517007,0.671768707482993,"C,T","0.67,0.33",0.503937007874016
"INDID_64",29988,28309,0.94,108.220077220077,0.580865603644647,0.466666666666667,0.533333333333333,"C,T","0.47,0.53",0.367647058823529
"INDID_65",135076,116193,0.86,390.777777777778,0.674259681093394,0.486486486486487,0.513513513513513,"C,T","0.49,0.51",0.594202898550725
"INDID_69",19882,18812,0.95,73.8286852589641,0.562642369020501,0.491902834008097,0.508097165991903,"A,G","0.51,0.49",0.351145038167939
"INDID_70",22413,12634,0.56,98.9603174603175,0.28246013667426,0.439516129032258,0.560483870967742,"C,T","0.44,0.56",0.264150943396226
"INDID_74",51417,48851,0.95,170.824561403509,0.644646924829157,0.477031802120141,0.522968197879859,"C,T","0.48,0.52",0.424657534246575
"INDID_75",25070,19758,0.79,111.774566473988,0.389521640091116,0.432748538011696,0.567251461988304,"A,G","0.43,0.57",0.418918918918919
"INDID_76",55003,22079,0.4,94.2467532467532,0.521640091116173,0.406113537117904,0.593886462882096,"C,T","0.59,0.41",0.350877192982456
"INDID_78",41858,40682,0.97,161.00796812749,0.555808656036446,0.452868852459016,0.547131147540984,"A,G","0.55,0.45",0.349593495934959
"INDID_81",93394,50393,0.54,296.809523809524,0.378132118451025,0.430722891566265,0.569277108433735,"C,T","0.43,0.57",0.44
"INDID_82",28856,25233,0.87,100.220883534137,0.560364464692483,0.445121951219512,0.554878048780488,"A,G","0.45,0.55",0.381443298969072
"INDID_83",131942,126067,0.96,403.740384615385,0.710706150341686,0.479166666666667,0.520833333333333,"C,T","0.52,0.48",0.590643274853801
"INDID_86",1675,1605,0.96,19.1296296296296,0.123006833712984,0.444444444444444,0.555555555555556,"C,T","0.56,0.44",0.107142857142857
"INDID_88",20625,18650,0.9,73.3306772908366,0.564920273348519,0.479838709677419,0.520161290322581,"A,G","0.52,0.48",0.324561403508772
"INDID_89",17175,11589,0.67,51.8617511520737,0.482915717539863,0.382075471698113,0.617924528301887,"A,G","0.38,0.62",0.22093023255814
"INDID_90",10082,5345,0.53,28.8834355828221,0.362186788154898,0.342767295597484,0.657232704402516,"C,T","0.66,0.34",0.192771084337349
"INDID_91",3900,2922,0.75,25.2527472527473,0.207289293849658,0.483516483516484,0.516483516483517,"A,G","0.52,0.48",0.230769230769231
"INDID_92",69043,62954,0.91,230.8125,0.605922551252847,0.49812030075188,0.50187969924812,"C,T","0.5,0.5",0.474820143884892
"INDID_94",9437,8468,0.9,44.8089887640449,0.398633257403189,0.322857142857143,0.677142857142857,"A,G","0.32,0.68",0.338028169014085
"INDID_98",519,509,0.98,12.4444444444444,0.020501138952164,0.444444444444444,0.555555555555556,"A,G","0.44,0.56",0
"LWED_226",64298,59922,0.93,349.847953216374,0.656370656370656,0.123529411764706,0.876470588235294,"C,T","0.12,0.88",1
"LWED_232",2484,1637,0.66,22.3064516129032,0.223938223938224,0.387931034482759,0.612068965517241,"A,C","0.61,0.39",0.217391304347826
"LWED_233",16543,10786,0.65,84.1507936507936,0.486486486486487,0.273809523809524,0.726190476190476,"C,G","0.27,0.73",0.418181818181818
"LWED_235",152866,67284,0.44,412.269938650307,0.625482625482625,0.444444444444444,0.555555555555556,"C,G","0.56,0.44",0.490384615384615
"LWED_237",9342,5128,0.55,51.6063829787234,0.362934362934363,0.313829787234043,0.686170212765957,"A,G","0.69,0.31",0.368421052631579
"LWED_239",5963,2628,0.44,34.2985074626866,0.250965250965251,0.446153846153846,0.553846153846154,"A,G","0.55,0.45",0.333333333333333
"LWED_240",41624,36668,0.88,243.666666666667,0.575289575289575,0.0906040268456376,0.909395973154362,"C,T","0.91,0.09",1
"LWED_244",11359,10065,0.89,75.2671755725191,0.501930501930502,0.119230769230769,0.880769230769231,"C,T","0.88,0.12",1
"LWED_246",30538,27587,0.9,175.961538461538,0.602316602316602,0.118589743589744,0.881410256410256,"G,T","0.12,0.88",0.666666666666667
"LWED_248",6234,4686,0.75,46.7291666666667,0.370656370656371,0,1,"C,T","1,0",NA
"LWED_250",11390,6939,0.61,56.3781512605042,0.451737451737452,0.0598290598290598,0.94017094017094,"C,T","0.06,0.94",0.625
"LWED_254",9878,5871,0.59,57.2727272727273,0.374517374517374,0.45360824742268,0.54639175257732,"A,G","0.55,0.45",0.339285714285714
"LWED_255",108745,100731,0.93,625.037267080745,0.621621621621622,0.0807453416149068,0.919254658385093,"C,T","0.08,0.92",1
"LWED_257",18490,7780,0.42,56.4,0.513513513513513,0.469924812030075,0.530075187969925,"C,T","0.53,0.47",0.228915662650602
"LWED_259",65701,59935,0.91,360.475903614458,0.633204633204633,0.5,0.5,"A,C","0.5,0.5",0.58974358974359
"LWED_263",15836,13041,0.82,93.963503649635,0.525096525096525,0.0735294117647059,0.926470588235294,"A,T","0.07,0.93",0.5
"LWED_266",5499,3261,0.59,37.0506329113924,0.305019305019305,0.170886075949367,0.829113924050633,"G,T","0.83,0.17",0.666666666666667
"LWED_268",12692,7537,0.59,64.4424778761062,0.436293436293436,0.393805309734513,0.606194690265487,"A,C","0.39,0.61",0.235294117647059
"LWED_270",394,298,0.76,14.4,0.0193050193050193,0.3,0.7,"C,T","0.3,0.7",0
"LWED_272",45805,40525,0.88,260.916129032258,0.598455598455598,0.0838709677419355,0.916129032258065,"G,T","0.08,0.92",0.5
"LWED_274",26939,11282,0.42,85.1450381679389,0.501930501930502,0.365384615384615,0.634615384615385,"A,T","0.37,0.63",0.438356164383562
"LWED_275",35741,33802,0.95,210.525,0.61003861003861,0.120253164556962,0.879746835443038,"C,G","0.88,0.12",0.5
"LWED_276",10588,6004,0.57,56.9901960784314,0.393822393822394,0.352941176470588,0.647058823529412,"C,T","0.35,0.65",0.19047619047619
"LWED_278",9084,8393,0.92,99.5357142857143,0.312741312741313,0.388888888888889,0.611111111111111,"C,T","0.61,0.39",0.422222222222222
"LWED_279",62667,16575,0.26,109.059602649007,0.583011583011583,0.115894039735099,0.884105960264901,"A,T","0.12,0.88",0.333333333333333
"LWED_281",4766,2345,0.49,25,0.293436293436293,0.493421052631579,0.506578947368421,"C,T","0.49,0.51",0.285714285714286
"LWED_282",1549,1510,0.97,25.265306122449,0.177606177606178,0.456521739130435,0.543478260869565,"C,T","0.46,0.54",0.318181818181818
"LWED_283",20084,13082,0.65,96.0740740740741,0.521235521235521,0.1,0.9,"C,T","0.9,0.1",0.333333333333333
"LWED_284",6643,5009,0.75,45.5096153846154,0.393822393822394,0.475490196078431,0.524509803921569,"A,G","0.52,0.48",0.319148936170213
"LWED_285",4093,3297,0.81,33.4044943820225,0.343629343629344,0.47752808988764,0.52247191011236,"A,G","0.48,0.52",0.235294117647059
"LWED_286",19145,8581,0.45,69.5785123966942,0.467181467181467,0.326446280991736,0.673553719008264,"C,T","0.67,0.33",0.389830508474576
"LWED_290",62187,58819,0.95,360.41717791411,0.625482625482625,0.342592592592593,0.657407407407407,"C,T","0.66,0.34",0.506172839506173
"SEXID_200",49122,45731,0.93,166.619047619048,0.619589977220957,0.301470588235294,0.698529411764706,"C,T","0.7,0.3",0.388157894736842
"SEXID_205",3650,2635,0.72,27.9285714285714,0.189066059225513,0.355421686746988,0.644578313253012,"C,T","0.64,0.36",0.186440677966102
"SEXID_209",20202,17112,0.85,67.8911290322581,0.560364464692483,0.296747967479675,0.703252032520325,"C,T","0.7,0.3",0.326388888888889
"SEXID_215",3611,1386,0.38,22.5365853658537,0.0774487471526196,0.352941176470588,0.647058823529412,"C,T","0.65,0.35",0.416666666666667
"SEXID_219",725,702,0.97,20.0714285714286,0.0296127562642369,0.269230769230769,0.730769230769231,"C,G","0.73,0.27",0
"SEXID_222",45867,44610,0.97,175.928571428571,0.569476082004556,0.286,0.714,"G,T","0.71,0.29",0.458015267175573
"SIMP_296",45404,42874,0.94,339.698412698413,0.664893617021277,0.184,0.816,"A,G","0.18,0.82",1
"SIMP_297",69012,65629,0.95,520.444444444444,0.664893617021277,0.172,0.828,"C,T","0.83,0.17",1
"SIMP_299",83191,77221,0.93,607.535433070866,0.670212765957447,0.392857142857143,0.607142857142857,"C,G","0.61,0.39",0.610169491525424
"SIMP_302",44266,34826,0.79,292.100840336134,0.632978723404255,0.399159663865546,0.600840336134454,"C,G","0.6,0.4",0.534883720930233
"SIMP_304",36805,22106,0.6,206.121495327103,0.569148936170213,0.364485981308411,0.635514018691589,"A,G","0.64,0.36",0.609375
"SIMP_306",12484,11574,0.93,100.80701754386,0.590425531914894,0.216216216216216,0.783783783783784,"A,G","0.78,0.22",0.404761904761905
"SIMP_307",10231,6995,0.68,86.7721518987342,0.409574468085106,0.24025974025974,0.75974025974026,"C,T","0.76,0.24",0.290322580645161
"SIMP_308",10788,6180,0.57,62.2783505154639,0.51063829787234,0.182291666666667,0.817708333333333,"C,T","0.82,0.18",1
"SIMP_311",82352,76865,0.93,586.427480916031,0.696808510638298,0.175572519083969,0.824427480916031,"A,G","0.18,0.82",0.5
"SIMP_313",74165,70516,0.95,559.166666666667,0.664893617021277,0.448,0.552,"C,T","0.45,0.55",0.603448275862069
"SIMP_318",50237,46705,0.93,373.12,0.664893617021277,0,1,"G,T","1,0",NA
"SIMP_320",34823,29401,0.84,248.466101694915,0.627659574468085,0.322033898305085,0.677966101694915,"C,T","0.68,0.32",0.537037037037037
"SIMP_321",42002,39642,0.94,343.913043478261,0.611702127659574,0.3,0.7,"C,T","0.7,0.3",0.593220338983051
"SIMP_322",11518,10622,0.92,88.7899159663866,0.627659574468085,0.0805084745762712,0.919491525423729,"C,T","0.92,0.08",0.461538461538462
"SIMP_323",5895,3207,0.54,54.7407407407407,0.281914893617021,0.292452830188679,0.707547169811321,"C,T","0.71,0.29",1
"SIMP_324",95398,91158,0.96,706.232558139535,0.686170212765957,0.341085271317829,0.65891472868217,"C,T","0.66,0.34",0.53125
"SIMP_325",38874,32125,0.83,308.259615384615,0.547872340425532,0.218446601941748,0.781553398058252,"C,T","0.22,0.78",0.459459459459459
"SIMP_327",67915,58108,0.86,471.79674796748,0.648936170212766,0.348360655737705,0.651639344262295,"C,G","0.35,0.65",0.491228070175439
"SIMP_328",11776,7304,0.62,69.9708737864078,0.537234042553192,0.331683168316832,0.668316831683168,"C,T","0.67,0.33",0.48936170212766
"SIMP_329",55625,53375,0.96,447.798319327731,0.627659574468085,0.165254237288136,0.834745762711864,"C,T","0.83,0.17",1
"SIMP_332",78994,62911,0.8,587.439252336449,0.563829787234043,0.349056603773585,0.650943396226415,"A,G","0.35,0.65",0.545454545454545
"SIMP_333",6675,3112,0.47,37.525641025641,0.414893617021277,0.480769230769231,0.519230769230769,"A,G","0.48,0.52",0.245283018867925
"SIMP_335",66492,54182,0.81,432.944,0.664893617021277,0.172,0.828,"A,G","0.17,0.83",1
"SIMP_336",25713,22398,0.87,186.25,0.632978723404255,0.449579831932773,0.550420168067227,"A,G","0.45,0.55",0.402985074626866
"SIMP_337",4404,4175,0.95,54.5753424657534,0.388297872340426,0.328767123287671,0.671232876712329,"C,T","0.67,0.33",0.291666666666667
"SIMP_341",12872,8010,0.62,78.9,0.531914893617021,0.19,0.81,"C,T","0.81,0.19",0.5
"SIMP_346",15796,11493,0.73,115.65306122449,0.51063829787234,0.369791666666667,0.630208333333333,"C,T","0.37,0.63",0.413793103448276
"SIMP_348",1559,1420,0.91,26.3913043478261,0.24468085106383,0.347826086956522,0.652173913043478,"A,G","0.35,0.65",0.166666666666667
"SIMP_352",11903,11304,0.95,114.091836734694,0.521276595744681,0.193877551020408,0.806122448979592,"C,T","0.81,0.19",0.5
"SIMP_355",17167,15526,0.9,149.485436893204,0.547872340425532,0.305825242718447,0.694174757281553,"A,C","0.31,0.69",0.283018867924528
"SIMP_356",71434,62497,0.87,491.551181102362,0.670212765957447,0.178571428571429,0.821428571428571,"A,G","0.18,0.82",0.666666666666667
"SIMP_357",32619,7199,0.22,72.030612244898,0.521276595744681,0.48469387755102,0.51530612244898,"A,G","0.48,0.52",0.355555555555556
"SPECIESID_1",12946,12453,0.96,56.803738317757,0.482915717539863,0.443396226415094,0.556603773584906,"C,G","0.44,0.56",0.5
"SPECIESID_12",12972,10760,0.83,57.659217877095,0.407744874715262,0.427374301675978,0.572625698324022,"C,G","0.43,0.57",0
"SPECIESID_13",46136,43695,0.95,158.043636363636,0.626423690205011,0.425454545454545,0.574545454545455,"A,G","0.57,0.43",0.666666666666667
"SPECIESID_14",28082,26241,0.93,97.8082706766917,0.603644646924829,0.432075471698113,0.567924528301887,"C,G","0.43,0.57",0.428571428571429
"SPECIESID_15",169224,159581,0.94,533.137123745819,0.681093394077449,0.438127090301003,0.561872909698997,"A,C","0.56,0.44",0.5
"SPECIESID_16",2289,2167,0.95,20.4189189189189,0.168564920273349,0.398648648648649,0.601351351351351,"C,T","0.6,0.4",0
"SPECIESID_17",27115,25021,0.92,97.5944881889764,0.578587699316629,0.43503937007874,0.56496062992126,"C,G","0.56,0.44",0.666666666666667
"SPECIESID_19",3067,2529,0.82,19.3368421052632,0.214123006833713,0.473404255319149,0.526595744680851,"A,G","0.53,0.47",0
"SPECIESID_20",8608,7986,0.93,51.3401360544218,0.334851936218679,0.425170068027211,0.574829931972789,"C,T","0.43,0.57",1
"SPECIESID_5",46514,43949,0.94,159.069090909091,0.624145785876993,0.423357664233577,0.576642335766423,"A,G","0.58,0.42",0.833333333333333
"SPECIESID_8",4980,3571,0.72,26.6785714285714,0.252847380410023,0.427927927927928,0.572072072072072,"C,G","0.57,0.43",0
"SPECIESID_9",14496,11697,0.81,79.1914893617021,0.318906605922551,0.396428571428571,0.603571428571429,"C,T","0.4,0.6",0
